[
  {
    "q": "C\n♭9",
    "a": "D♭"
  },
  {
    "q": "C\n9",
    "a": "D"
  },
  {
    "q": "C\n♯9",
    "a": "E♭"
  },
  {
    "q": "C\n3",
    "a": "E"
  },
  {
    "q": "C\n11/4",
    "a": "F"
  },
  {
    "q": "C\n♯11/♭5",
    "a": "G♭"
  },
  {
    "q": "C\n5",
    "a": "G"
  },
  {
    "q": "C\n♭13/♯5/♭6",
    "a": "A♭"
  },
  {
    "q": "C\n13/6",
    "a": "A"
  },
  {
    "q": "C\n7",
    "a": "B♭"
  },
  {
    "q": "C\nmaj7",
    "a": "B"
  },
  {
    "q": "D♭\n♭9",
    "a": "D"
  },
  {
    "q": "D♭\n9",
    "a": "E♭"
  },
  {
    "q": "D♭\n♯9",
    "a": "E"
  },
  {
    "q": "D♭\n3",
    "a": "F"
  },
  {
    "q": "D♭\n11/4",
    "a": "G♭"
  },
  {
    "q": "D♭\n♯11/♭5",
    "a": "G"
  },
  {
    "q": "D♭\n5",
    "a": "A♭"
  },
  {
    "q": "D♭\n♭13/♯5/♭6",
    "a": "A"
  },
  {
    "q": "D♭\n13/6",
    "a": "B♭"
  },
  {
    "q": "D♭\n7",
    "a": "B"
  },
  {
    "q": "D♭\nmaj7",
    "a": "C"
  },
  {
    "q": "D\n♭9",
    "a": "D♯"
  },
  {
    "q": "D\n9",
    "a": "E"
  },
  {
    "q": "D\n♯9",
    "a": "F"
  },
  {
    "q": "D\n3",
    "a": "F♯"
  },
  {
    "q": "D\n11/4",
    "a": "G"
  },
  {
    "q": "D\n♯11/♭5",
    "a": "G♯"
  },
  {
    "q": "D\n5",
    "a": "A"
  },
  {
    "q": "D\n♭13/♯5/♭6",
    "a": "A♯"
  },
  {
    "q": "D\n13/6",
    "a": "B"
  },
  {
    "q": "D\n7",
    "a": "C"
  },
  {
    "q": "D\nmaj7",
    "a": "C♯"
  },
  {
    "q": "E♭\n♭9",
    "a": "E"
  },
  {
    "q": "E♭\n9",
    "a": "F"
  },
  {
    "q": "E♭\n♯9",
    "a": "G♭"
  },
  {
    "q": "E♭\n3",
    "a": "G"
  },
  {
    "q": "E♭\n11/4",
    "a": "A♭"
  },
  {
    "q": "E♭\n♯11/♭5",
    "a": "A"
  },
  {
    "q": "E♭\n5",
    "a": "B♭"
  },
  {
    "q": "E♭\n♭13/♯5/♭6",
    "a": "B"
  },
  {
    "q": "E♭\n13/6",
    "a": "C"
  },
  {
    "q": "E♭\n7",
    "a": "D♭"
  },
  {
    "q": "E♭\nmaj7",
    "a": "D"
  },
  {
    "q": "E\n♭9",
    "a": "F"
  },
  {
    "q": "E\n9",
    "a": "F♯"
  },
  {
    "q": "E\n♯9",
    "a": "G"
  },
  {
    "q": "E\n3",
    "a": "G♯"
  },
  {
    "q": "E\n11/4",
    "a": "A"
  },
  {
    "q": "E\n♯11/♭5",
    "a": "A♯"
  },
  {
    "q": "E\n5",
    "a": "B"
  },
  {
    "q": "E\n♭13/♯5/♭6",
    "a": "C"
  },
  {
    "q": "E\n13/6",
    "a": "C♯"
  },
  {
    "q": "E\n7",
    "a": "D"
  },
  {
    "q": "E\nmaj7",
    "a": "D♯"
  },
  {
    "q": "F\n♭9",
    "a": "G♭"
  },
  {
    "q": "F\n9",
    "a": "G"
  },
  {
    "q": "F\n♯9",
    "a": "A♭"
  },
  {
    "q": "F\n3",
    "a": "A"
  },
  {
    "q": "F\n11/4",
    "a": "B♭"
  },
  {
    "q": "F\n♯11/♭5",
    "a": "B"
  },
  {
    "q": "F\n5",
    "a": "C"
  },
  {
    "q": "F\n♭13/♯5/♭6",
    "a": "D♭"
  },
  {
    "q": "F\n13/6",
    "a": "D"
  },
  {
    "q": "F\n7",
    "a": "E♭"
  },
  {
    "q": "F\nmaj7",
    "a": "E"
  },
  {
    "q": "F♯\n♭9",
    "a": "G"
  },
  {
    "q": "F♯\n9",
    "a": "G♯"
  },
  {
    "q": "F♯\n♯9",
    "a": "A"
  },
  {
    "q": "F♯\n3",
    "a": "A♯"
  },
  {
    "q": "F♯\n11/4",
    "a": "B"
  },
  {
    "q": "F♯\n♯11/♭5",
    "a": "C"
  },
  {
    "q": "F♯\n5",
    "a": "C♯"
  },
  {
    "q": "F♯\n♭13/♯5/♭6",
    "a": "D"
  },
  {
    "q": "F♯\n13/6",
    "a": "D♯"
  },
  {
    "q": "F♯\n7",
    "a": "E"
  },
  {
    "q": "F♯\nmaj7",
    "a": "F"
  },
  {
    "q": "G\n♭9",
    "a": "G♯"
  },
  {
    "q": "G\n9",
    "a": "A"
  },
  {
    "q": "G\n♯9",
    "a": "A♯"
  },
  {
    "q": "G\n3",
    "a": "B"
  },
  {
    "q": "G\n11/4",
    "a": "C"
  },
  {
    "q": "G\n♯11/♭5",
    "a": "C♯"
  },
  {
    "q": "G\n5",
    "a": "D"
  },
  {
    "q": "G\n♭13/♯5/♭6",
    "a": "D♯"
  },
  {
    "q": "G\n13/6",
    "a": "E"
  },
  {
    "q": "G\n7",
    "a": "F"
  },
  {
    "q": "G\nmaj7",
    "a": "F♯"
  },
  {
    "q": "A♭\n♭9",
    "a": "A"
  },
  {
    "q": "A♭\n9",
    "a": "B♭"
  },
  {
    "q": "A♭\n♯9",
    "a": "B"
  },
  {
    "q": "A♭\n3",
    "a": "C"
  },
  {
    "q": "A♭\n11/4",
    "a": "D♭"
  },
  {
    "q": "A♭\n♯11/♭5",
    "a": "D"
  },
  {
    "q": "A♭\n5",
    "a": "E♭"
  },
  {
    "q": "A♭\n♭13/♯5/♭6",
    "a": "E"
  },
  {
    "q": "A♭\n13/6",
    "a": "F"
  },
  {
    "q": "A♭\n7",
    "a": "G♭"
  },
  {
    "q": "A♭\nmaj7",
    "a": "G"
  },
  {
    "q": "A\n♭9",
    "a": "A♯"
  },
  {
    "q": "A\n9",
    "a": "B"
  },
  {
    "q": "A\n♯9",
    "a": "C"
  },
  {
    "q": "A\n3",
    "a": "C♯"
  },
  {
    "q": "A\n11/4",
    "a": "A\n11/4"
  },
  {
    "q": "A\n♯11/♭5",
    "a": "D♯"
  },
  {
    "q": "A\n5",
    "a": "E"
  },
  {
    "q": "A\n♭13/♯5/♭6",
    "a": "F"
  },
  {
    "q": "A\n13/6",
    "a": "F♯"
  },
  {
    "q": "A\n7",
    "a": "G"
  },
  {
    "q": "A\nmaj7",
    "a": "G♯"
  },
  {
    "q": "B♭\n♭9",
    "a": "B"
  },
  {
    "q": "B♭\n9",
    "a": "C"
  },
  {
    "q": "B♭\n♯9",
    "a": "D♭"
  },
  {
    "q": "B♭\n3",
    "a": "D"
  },
  {
    "q": "B♭\n11/4",
    "a": "E♭"
  },
  {
    "q": "B♭\n♯11/♭5",
    "a": "E"
  },
  {
    "q": "B♭\n5",
    "a": "F"
  },
  {
    "q": "B♭\n♭13/♯5/♭6",
    "a": "G♭"
  },
  {
    "q": "B♭\n13/6",
    "a": "G"
  },
  {
    "q": "B♭\n7",
    "a": "A♭"
  },
  {
    "q": "B♭\nmaj7",
    "a": "A"
  },
  {
    "q": "B\n♭9",
    "a": "C"
  },
  {
    "q": "B\n9",
    "a": "C♯"
  },
  {
    "q": "B\n♯9",
    "a": "D"
  },
  {
    "q": "B\n3",
    "a": "D♯"
  },
  {
    "q": "B\n11/4",
    "a": "E"
  },
  {
    "q": "B\n♯11/♭5",
    "a": "F"
  },
  {
    "q": "B\n5",
    "a": "F♯"
  },
  {
    "q": "B\n♭13/♯5/♭6",
    "a": "G"
  },
  {
    "q": "B\n13/6",
    "a": "G♯"
  },
  {
    "q": "B\n7",
    "a": "A"
  },
  {
    "q": "B\nmaj7",
    "a": "A♯"
  }
]